Epoch,Step,Precision,Recall,,Precision_AVERAGE,,,Recall_AVERAGE
1,300,1,0.949999988,,0.687175698,,,0.639617303
1,600,0.804597683,0.699999988,,,,,
2,300,0.895833313,0.860000014,,,,,
2,600,1,0.810000002,,,,,
3,300,0.870967738,0.810000002,,,,,
3,600,0.942028954,0.649999976,,,,,
4,300,0.817307698,0.850000024,,,,,
4,600,0.978021998,0.889999986,,,,,
5,300,0.988636374,0.870000005,,,,,
5,600,0.988888899,0.889999986,,,,,
6,300,1,0.949999988,,,,,
6,600,0.984615399,0.639999986,,,,,
7,300,0.978260889,0.899999976,,,,,
7,600,1,0.939999998,,,,,
8,300,0.951219486,0.779999971,,,,,
8,600,0.891089094,0.899999976,,,,,
9,300,0.78504671,0.839999974,,,,,
9,600,1,0.920000017,,,,,
10,300,1,0.970000029,,,,,
10,600,1,0.930000007,,,,,
11,300,1,0.939999998,,,,,
11,600,1,0.910000026,,,,,
12,300,0.978260889,0.899999976,,,,,
12,600,0.977272749,0.860000014,,,,,
13,300,0.978260889,0.899999976,,,,,
13,600,0.909090931,0.899999976,,,,,
14,300,0.988888899,0.889999986,,,,,
14,600,0.968750029,0.930000007,,,,,
15,300,1,0.930000007,,,,,
15,600,0.978723424,0.920000017,,,,,
16,300,1,0.930000007,,,,,
16,600,0.976190498,0.819999993,,,,,
17,300,0.946808498,0.889999986,,,,,
17,600,0.953488348,0.819999993,,,,,
18,300,0.968085137,0.910000026,,,,,
18,600,0.968750029,0.930000007,,,,,
19,300,0.989010999,0.899999976,,,,,
19,600,0.989473694,0.939999998,,,,,
20,300,0.979166686,0.939999998,,,,,
20,600,0.968421082,0.920000017,,,,,
21,300,0.979166686,0.939999998,,,,,
21,600,0.989130445,0.910000026,,,,,
22,300,0.978947388,0.930000007,,,,,
22,600,0.968750029,0.930000007,,,,,
23,300,0.976744207,0.839999974,,,,,
23,600,0.979166686,0.939999998,,,,,
24,300,0.917525788,0.889999986,,,,,
24,600,0.967391334,0.889999986,,,,,
25,300,0.967391334,0.889999986,,,,,
25,600,0.966292166,0.860000014,,,,,
26,300,0.966292166,0.860000014,,,,,
26,600,0.948979581,0.930000007,,,,,
27,300,0.945652162,0.870000005,,,,,
27,600,0.970588263,0.99000001,,,,,
28,300,0.914893635,0.860000014,,,,,
28,600,0.945652162,0.870000005,,,,,
29,300,0.910000026,0.910000026,,,,,
29,600,0.988764055,0.879999995,,,,,
30,300,0.927835057,0.899999976,,,,,
30,600,0.949494938,0.939999998,,,,,
31,300,0.903225829,0.839999974,,,,,
31,600,0.957446786,0.899999976,,,,,
32,300,0.927835057,0.899999976,,,,,
32,600,0.959595938,0.949999988,,,,,
33,300,0.979166686,0.939999998,,,,,
33,600,0.978260889,0.899999976,,,,,
34,300,0.943181804,0.829999983,,,,,
34,600,0.913978513,0.850000024,,,,,
35,300,0.916666682,0.879999995,,,,,
35,600,0.93617021,0.879999995,,,,,
36,300,0.952941153,0.810000002,,,,,
36,600,0.888888876,0.879999995,,,,,
37,300,0.72477064,0.790000021,,,,,
37,600,0.895833313,0.860000014,,,,,
38,300,0.904255347,0.850000024,,,,,
38,600,0.88421051,0.839999974,,,,,
39,300,0.843750021,0.810000002,,,,,
39,600,0.872093009,0.75,,,,,
40,300,0.867924542,0.920000017,,,,,
40,600,0.922222228,0.829999983,,,,,
41,300,0.917525788,0.889999986,,,,,
41,600,0.891304324,0.819999993,,,,,
42,300,0.904761922,0.75999999,,,,,
42,600,0.837837833,0.620000005,,,,,
43,300,0.831578928,0.790000021,,,,,
43,600,0.863157898,0.819999993,,,,,
44,300,0.869565215,0.800000012,,,,,
44,600,0.893616996,0.839999974,,,,,
45,300,0.848484865,0.839999974,,,,,
45,600,0.889999986,0.889999986,,,,,
46,300,0.904255347,0.850000024,,,,,
46,600,0.786516853,0.699999988,,,,,
47,300,0.912087927,0.829999983,,,,,
47,600,0.897727302,0.790000021,,,,,
48,300,0.683760684,0.800000012,,,,,
48,600,0.913043492,0.839999974,,,,,
49,300,0.934065933,0.850000024,,,,,
49,600,0.842105286,0.800000012,,,,,
50,300,0.870967738,0.810000002,,,,,
50,600,0.850574719,0.74000001,,,,,
51,300,0.814432988,0.790000021,,,,,
51,600,0.858585874,0.850000024,,,,,
52,300,0.849462382,0.790000021,,,,,
52,600,0.708737861,0.730000019,,,,,
53,300,0.790000021,0.790000021,,,,,
53,600,0.765957431,0.720000029,,,,,
54,300,0.851851846,0.689999998,,,,,
54,600,0.818181813,0.810000002,,,,,
55,300,0.797872342,0.75,,,,,
55,600,0.799999986,0.680000007,,,,,
56,300,0.884615414,0.689999998,,,,,
56,600,0.768421034,0.730000019,,,,,
57,300,0.819148918,0.769999981,,,,,
57,600,0.852272732,0.75,,,,,
58,300,0.804347822,0.74000001,,,,,
58,600,0.842696643,0.75,,,,,
59,300,0.830188673,0.879999995,,,,,
59,600,0.826086931,0.75999999,,,,,
60,300,0.769999981,0.769999981,,,,,
60,600,0.715686265,0.730000019,,,,,
61,300,0.813084122,0.870000005,,,,,
61,600,0.808080812,0.800000012,,,,,
62,300,0.823529401,0.839999974,,,,,
62,600,0.808988755,0.720000029,,,,,
63,300,0.810000002,0.810000002,,,,,
63,600,0.838095224,0.879999995,,,,,
64,300,0.8111111,0.730000019,,,,,
64,600,0.777777751,0.769999981,,,,,
65,300,0.810810833,0.600000024,,,,,
65,600,0.788235292,0.670000017,,,,,
66,300,0.901234589,0.730000019,,,,,
66,600,0.772727285,0.680000007,,,,,
67,300,0.797872342,0.75,,,,,
67,600,0.764705869,0.779999971,,,,,
68,300,0.848837217,0.730000019,,,,,
68,600,0.821052612,0.779999971,,,,,
69,300,0.722222207,0.779999971,,,,,
69,600,0.709677442,0.660000026,,,,,
70,300,0.761904769,0.639999986,,,,,
70,600,0.790909078,0.870000005,,,,,
71,300,0.757894729,0.720000029,,,,,
71,600,0.844660173,0.870000005,,,,,
72,300,0.809523823,0.850000024,,,,,
72,600,0.861386151,0.870000005,,,,,
73,300,0.695238106,0.730000019,,,,,
73,600,0.880952357,0.74000001,,,,,
74,300,0.750000018,0.629999995,,,,,
74,600,0.696078423,0.709999979,,,,,
75,300,0.825688071,0.899999976,,,,,
75,600,0.863157898,0.819999993,,,,,
76,300,0.783783751,0.579999983,,,,,
76,600,0.75,0.75,,,,,
77,300,0.557692312,0.579999983,,,,,
77,600,0.734693892,0.720000029,,,,,
78,300,0.835294128,0.709999979,,,,,
78,600,0.701923081,0.730000019,,,,,
79,300,0.752688153,0.699999988,,,,,
79,600,0.858823528,0.730000019,,,,,
80,300,0.734939738,0.610000014,,,,,
80,600,0.554347806,0.50999999,,,,,
81,300,0.628865976,0.610000014,,,,,
81,600,0.763440831,0.709999979,,,,,
82,300,0.752941191,0.639999986,,,,,
82,600,0.789473694,0.75,,,,,
83,300,0.732673284,0.74000001,,,,,
83,600,0.681034486,0.790000021,,,,,
84,300,0.835164855,0.75999999,,,,,
84,600,0.645833353,0.620000005,,,,,
85,300,0.666666667,0.720000029,,,,,
85,600,0.804878029,0.660000026,,,,,
86,300,0.744186017,0.639999986,,,,,
86,600,0.767676751,0.75999999,,,,,
87,300,0.742857149,0.779999971,,,,,
87,600,0.705882361,0.600000024,,,,,
88,300,0.643564339,0.649999976,,,,,
88,600,0.720588242,0.49000001,,,,,
89,300,0.831325315,0.689999998,,,,,
89,600,0.763440831,0.709999979,,,,,
90,300,0.719512169,0.589999974,,,,,
90,600,0.714285706,0.75,,,,,
91,300,0.762886585,0.74000001,,,,,
91,600,0.83168315,0.839999974,,,,,
92,300,0.839999974,0.839999974,,,,,
92,600,0.673076936,0.699999988,,,,,
93,300,0.702702706,0.779999971,,,,,
93,600,0.744444433,0.670000017,,,,,
94,300,0.702970282,0.709999979,,,,,
94,600,0.701149438,0.610000014,,,,,
95,300,0.752380964,0.790000021,,,,,
95,600,0.722222215,0.649999976,,,,,
96,300,0.75,0.540000021,,,,,
96,600,0.714285714,0.649999976,,,,,
97,300,0.742857149,0.779999971,,,,,
97,600,0.662790678,0.569999993,,,,,
98,300,0.78301885,0.829999983,,,,,
98,600,0.780487794,0.639999986,,,,,
99,300,0.75757575,0.75,,,,,
99,600,0.690721646,0.670000017,,,,,
100,300,0.750000014,0.810000002,,,,,
100,600,0.727272715,0.639999986,,,,,
101,300,0.675324667,0.519999981,,,,,
101,600,0.660550465,0.720000029,,,,,
102,300,0.563829758,0.529999971,,,,,
102,600,0.717171732,0.709999979,,,,,
103,300,0.705882332,0.839999974,,,,,
103,600,0.626086962,0.720000029,,,,,
104,300,0.711340226,0.689999998,,,,,
104,600,0.809523786,0.680000007,,,,,
105,300,0.680412378,0.660000026,,,,,
105,600,0.681415915,0.769999981,,,,,
106,300,0.789473664,0.600000024,,,,,
106,600,0.755319128,0.709999979,,,,,
107,300,0.785714286,0.660000026,,,,,
107,600,0.708333357,0.680000007,,,,,
108,300,0.618556707,0.600000024,,,,,
108,600,0.669902929,0.689999998,,,,,
109,300,0.74000001,0.74000001,,,,,
109,600,0.715686265,0.730000019,,,,,
110,300,0.728395027,0.589999974,,,,,
110,600,0.515463902,0.5,,,,,
111,300,0.656565666,0.649999976,,,,,
111,600,0.641304349,0.589999974,,,,,
112,300,0.722772303,0.730000019,,,,,
112,600,0.776699017,0.800000012,,,,,
113,300,0.772727285,0.680000007,,,,,
113,600,0.747252734,0.680000007,,,,,
114,300,0.622641533,0.660000026,,,,,
114,600,0.666666691,0.540000021,,,,,
115,300,0.740740768,0.600000024,,,,,
115,600,0.673076936,0.699999988,,,,,
116,300,0.757009353,0.810000002,,,,,
116,600,0.764044964,0.680000007,,,,,
117,300,0.742857149,0.779999971,,,,,
117,600,0.770114957,0.670000017,,,,,
118,300,0.722772303,0.730000019,,,,,
118,600,0.762376226,0.769999981,,,,,
119,300,0.548076905,0.569999993,,,,,
119,600,0.736842118,0.560000002,,,,,
120,300,0.728971941,0.779999971,,,,,
120,600,0.776470597,0.660000026,,,,,
121,300,0.706896566,0.819999993,,,,,
121,600,0.658823514,0.560000002,,,,,
122,300,0.689999998,0.689999998,,,,,
122,600,0.63636362,0.419999987,,,,,
123,300,0.730000019,0.730000019,,,,,
123,600,0.75757575,0.75,,,,,
124,300,0.588888873,0.529999971,,,,,
124,600,0.802083331,0.769999981,,,,,
125,300,0.722222207,0.779999971,,,,,
125,600,0.627906968,0.810000002,,,,,
126,300,0.793103441,0.689999998,,,,,
126,600,0.670454519,0.589999974,,,,,
127,300,0.763440831,0.709999979,,,,,
127,600,0.732758625,0.850000024,,,,,
128,300,0.696078423,0.709999979,,,,,
128,600,0.651376143,0.709999979,,,,,
129,300,0.710526327,0.810000002,,,,,
129,600,0.787234055,0.74000001,,,,,
130,300,0.621052612,0.589999974,,,,,
130,600,0.586956534,0.540000021,,,,,
131,300,0.627906991,0.540000021,,,,,
131,600,0.658823514,0.560000002,,,,,
132,300,0.790476166,0.829999983,,,,,
132,600,0.775510179,0.75999999,,,,,
133,300,0.64044944,0.569999993,,,,,
133,600,0.556603748,0.589999974,,,,,
134,300,0.648936187,0.610000014,,,,,
134,600,0.702702668,0.519999981,,,,,
135,300,0.718181822,0.790000021,,,,,
135,600,0.67326734,0.680000007,,,,,
136,300,0.669811299,0.709999979,,,,,
136,600,0.5,0.5,,,,,
137,300,0.732758625,0.850000024,,,,,
137,600,0.658536577,0.810000002,,,,,
138,300,0.669565215,0.769999981,,,,,
138,600,0.601941734,0.620000005,,,,,
139,300,0.695121949,0.569999993,,,,,
139,600,0.584269651,0.519999981,,,,,
140,300,0.447368414,0.340000004,,,,,
140,600,0.640000011,0.479999989,,,,,
141,300,0.69662923,0.620000005,,,,,
141,600,0.717647056,0.610000014,,,,,
142,300,0.691489338,0.649999976,,,,,
142,600,0.700854685,0.819999993,,,,,
143,300,0.71844659,0.74000001,,,,,
143,600,0.603960416,0.610000014,,,,,
144,300,0.707317059,0.579999983,,,,,
144,600,0.716814164,0.810000002,,,,,
145,300,0.576470583,0.49000001,,,,,
145,600,0.649999976,0.649999976,,,,,
146,300,0.688073411,0.75,,,,,
146,600,0.666666648,0.699999988,,,,,
147,300,0.774509794,0.790000021,,,,,
147,600,0.75675675,0.560000002,,,,,
148,300,0.779220769,0.600000024,,,,,
148,600,0.74747475,0.74000001,,,,,
149,300,0.645161311,0.600000024,,,,,
149,600,0.663043482,0.610000014,,,,,
150,300,0.684782591,0.629999995,,,,,
150,600,0.686046517,0.589999974,,,,,
151,300,0.522727267,0.460000008,,,,,
151,600,0.660377346,0.699999988,,,,,
152,300,0.623655891,0.579999983,,,,,
152,600,0.654867268,0.74000001,,,,,
153,300,0.761363659,0.670000017,,,,,
153,600,0.739583328,0.709999979,,,,,
154,300,0.701149438,0.610000014,,,,,
154,600,0.611650498,0.629999995,,,,,
155,300,0.69662923,0.620000005,,,,,
155,600,0.75949368,0.600000024,,,,,
156,300,0.622641533,0.660000026,,,,,
156,600,0.755555533,0.680000007,,,,,
157,300,0.499999982,0.409999996,,,,,
157,600,0.692307712,0.629999995,,,,,
158,300,0.689320387,0.709999979,,,,,
158,600,0.675925917,0.730000019,,,,,
159,300,0.722772303,0.730000019,,,,,
159,600,0.666666667,0.600000024,,,,,
160,300,0.670329667,0.610000014,,,,,
160,600,0.673076936,0.699999988,,,,,
161,300,0.612403107,0.790000021,,,,,
161,600,0.61864408,0.730000019,,,,,
162,300,0.630630612,0.699999988,,,,,
162,600,0.61224491,0.600000024,,,,,
163,300,0.721649495,0.699999988,,,,,
163,600,0.534246585,0.389999986,,,,,
164,300,0.648936187,0.610000014,,,,,
164,600,0.703296713,0.639999986,,,,,
165,300,0.639639646,0.709999979,,,,,
165,600,0.673913036,0.620000005,,,,,
166,300,0.733333333,0.660000026,,,,,
166,600,0.581818188,0.639999986,,,,,
167,300,0.652173927,0.75,,,,,
167,600,0.685714305,0.720000029,,,,,
168,300,0.651685385,0.579999983,,,,,
168,600,0.663157898,0.629999995,,,,,
169,300,0.84285712,0.589999974,,,,,
169,600,0.722222215,0.649999976,,,,,
170,300,0.616161625,0.610000014,,,,,
170,600,0.639175244,0.620000005,,,,,
171,300,0.737500011,0.589999974,,,,,
171,600,0.695652191,0.639999986,,,,,
172,300,0.628205115,0.49000001,,,,,
172,600,0.636363646,0.699999988,,,,,
173,300,0.645161311,0.600000024,,,,,
173,600,0.74000001,0.74000001,,,,,
174,300,0.683673473,0.670000017,,,,,
174,600,0.638297899,0.600000024,,,,,
175,300,0.698795175,0.579999983,,,,,
175,600,0.788235292,0.670000017,,,,,
176,300,0.721649495,0.699999988,,,,,
176,600,0.650602402,0.540000021,,,,,
177,300,0.707070688,0.699999988,,,,,
177,600,0.669565215,0.769999981,,,,,
178,300,0.585858563,0.579999983,,,,,
178,600,0.700000013,0.629999995,,,,,
179,300,0.669811299,0.709999979,,,,,
179,600,0.71249998,0.569999993,,,,,
180,300,0.585365867,0.479999989,,,,,
180,600,0.510416656,0.49000001,,,,,
181,300,0.776595767,0.730000019,,,,,
181,600,0.620000005,0.620000005,,,,,
182,300,0.576923088,0.600000024,,,,,
182,600,0.722891558,0.600000024,,,,,
183,300,0.537190072,0.649999976,,,,,
183,600,0.572727256,0.629999995,,,,,
184,300,0.670212763,0.629999995,,,,,
184,600,0.567010305,0.550000012,,,,,
185,300,0.6153846,0.560000002,,,,,
185,600,0.698795175,0.579999983,,,,,
186,300,0.683673473,0.670000017,,,,,
186,600,0.602150536,0.560000002,,,,,
187,300,0.655913989,0.610000014,,,,,
187,600,0.696969688,0.689999998,,,,,
188,300,0.747368408,0.709999979,,,,,
188,600,0.764705886,0.649999976,,,,,
189,300,0.749999983,0.660000026,,,,,
189,600,0.630630612,0.699999988,,,,,
190,300,0.685393286,0.610000014,,,,,
190,600,0.772727278,0.850000024,,,,,
191,300,0.666666653,0.479999989,,,,,
191,600,0.63440861,0.589999974,,,,,
192,300,0.738636341,0.649999976,,,,,
192,600,0.715596321,0.779999971,,,,,
193,300,0.669811299,0.709999979,,,,,
193,600,0.707070688,0.699999988,,,,,
194,300,0.670000017,0.670000017,,,,,
194,600,0.651685385,0.579999983,,,,,
195,300,0.670454519,0.589999974,,,,,
195,600,0.615384601,0.479999989,,,,,
196,300,0.617283949,0.5,,,,,
196,600,0.666666686,0.680000007,,,,,
197,300,0.736842118,0.560000002,,,,,
197,600,0.604938282,0.49000001,,,,,
198,300,0.624999991,0.5,,,,,
198,600,0.648351643,0.589999974,,,,,
199,300,0.730769248,0.75999999,,,,,
199,600,0.784313706,0.800000012,,,,,
200,300,0.646464626,0.639999986,,,,,
200,600,0.700000013,0.629999995,,,,,
201,300,0.684782591,0.629999995,,,,,
201,600,0.739726037,0.540000021,,,,,
202,300,0.640776705,0.660000026,,,,,
202,600,0.703703693,0.569999993,,,,,
203,300,0.457943924,0.49000001,,,,,
203,600,0.574468109,0.540000021,,,,,
204,300,0.693693705,0.769999981,,,,,
204,600,0.688679262,0.730000019,,,,,
205,300,0.617647066,0.629999995,,,,,
205,600,0.777777751,0.769999981,,,,,
206,300,0.578313231,0.479999989,,,,,
206,600,0.697674435,0.600000024,,,,,
207,300,0.590361469,0.49000001,,,,,
207,600,0.772727285,0.680000007,,,,,
208,300,0.660194162,0.680000007,,,,,
208,600,0.673913036,0.620000005,,,,,
209,300,0.700934584,0.75,,,,,
209,600,0.700000013,0.629999995,,,,,
210,300,0.717171732,0.709999979,,,,,
210,600,0.649350665,0.5,,,,,
211,300,0.617283949,0.5,,,,,
211,600,0.684782591,0.629999995,,,,,
212,300,0.689999998,0.689999998,,,,,
212,600,0.605769214,0.629999995,,,,,
213,300,0.632911375,0.5,,,,,
213,600,0.725274733,0.660000026,,,,,
214,300,0.749999984,0.689999998,,,,,
214,600,0.723809507,0.75999999,,,,,
215,300,0.711340226,0.689999998,,,,,
215,600,0.522058814,0.709999979,,,,,
216,300,0.677083324,0.649999976,,,,,
216,600,0.663461522,0.689999998,,,,,
217,300,0.764150944,0.810000002,,,,,
217,600,0.700934584,0.75,,,,,
218,300,0.813559299,0.479999989,,,,,
218,600,0.738738723,0.819999993,,,,,
219,300,0.602272698,0.529999971,,,,,
219,600,0.670000017,0.670000017,,,,,
220,300,0.723404265,0.680000007,,,,,
220,600,0.660377346,0.699999988,,,,,
221,300,0.609374991,0.389999986,,,,,
221,600,0.768518515,0.829999983,,,,,
222,300,0.688172022,0.639999986,,,,,
222,600,0.666666667,0.720000029,,,,,
223,300,0.558558556,0.620000005,,,,,
223,600,0.583333349,0.560000002,,,,,
224,300,0.752380964,0.790000021,,,,,
224,600,0.56578949,0.430000007,,,,,
225,300,0.629999995,0.629999995,,,,,
225,600,0.612903213,0.569999993,,,,,
226,300,0.688073411,0.75,,,,,
226,600,0.603960416,0.610000014,,,,,
227,300,0.741176444,0.629999995,,,,,
227,600,0.71739132,0.660000026,,,,,
228,300,0.657894745,0.75,,,,,
228,600,0.692307712,0.629999995,,,,,
229,300,0.670454519,0.589999974,,,,,
229,600,0.606060624,0.600000024,,,,,
230,300,0.5,0.439999998,,,,,
230,600,0.592592589,0.639999986,,,,,
231,300,0.590909088,0.649999976,,,,,
231,600,0.702127689,0.660000026,,,,,
232,300,0.619565198,0.569999993,,,,,
232,600,0.6,0.540000021,,,,,
233,300,0.601449265,0.829999983,,,,,
233,600,0.633663358,0.639999986,,,,,
234,300,0.692307712,0.629999995,,,,,
234,600,0.715517248,0.829999983,,,,,
235,300,0.741071411,0.829999983,,,,,
235,600,0.592592599,0.479999989,,,,,
236,300,0.61224491,0.600000024,,,,,
236,600,0.746987973,0.620000005,,,,,
237,300,0.691489338,0.649999976,,,,,
237,600,0.701149438,0.610000014,,,,,
238,300,0.645161311,0.600000024,,,,,
238,600,0.670212763,0.629999995,,,,,
239,300,0.715909089,0.629999995,,,,,
239,600,0.711340226,0.689999998,,,,,
240,300,0.626373641,0.569999993,,,,,
240,600,0.600000014,0.50999999,,,,,
241,300,0.700934584,0.75,,,,,
241,600,0.655913989,0.610000014,,,,,
242,300,0.747126405,0.649999976,,,,,
242,600,0.563829758,0.529999971,,,,,
243,300,0.714285714,0.600000024,,,,,
243,600,0.73417723,0.579999983,,,,,
244,300,0.701030915,0.680000007,,,,,
244,600,0.659340667,0.600000024,,,,,
245,300,0.731707299,0.600000024,,,,,
245,600,0.721649495,0.699999988,,,,,
246,300,0.708333351,0.50999999,,,,,
246,600,0.680000007,0.680000007,,,,,
247,300,0.513157882,0.389999986,,,,,
247,600,0.781609199,0.680000007,,,,,
248,300,0.714285714,0.649999976,,,,,
248,600,0.737864089,0.75999999,,,,,
249,300,0.602272698,0.529999971,,,,,
249,600,0.627659548,0.589999974,,,,,
250,300,0.638297899,0.600000024,,,,,
250,600,0.572649579,0.670000017,,,,,
251,300,0.770833313,0.74000001,,,,,
251,600,0.626506014,0.519999981,,,,,
252,300,0.663461522,0.689999998,,,,,
252,600,0.608247415,0.589999974,,,,,
253,300,0.646017719,0.730000019,,,,,
253,600,0.808988755,0.720000029,,,,,
254,300,0.631067956,0.649999976,,,,,
254,600,0.735632163,0.639999986,,,,,
255,300,0.663636367,0.730000019,,,,,
255,600,0.472527467,0.430000007,,,,,
256,300,0.777777751,0.769999981,,,,,
256,600,0.663157898,0.629999995,,,,,
257,300,0.594202921,0.409999996,,,,,
257,600,0.616161625,0.610000014,,,,,
258,300,0.657894745,0.75,,,,,
258,600,0.747663568,0.800000012,,,,,
259,300,0.679012358,0.550000012,,,,,
259,600,0.721153831,0.75,,,,,
260,300,0.718181822,0.790000021,,,,,
260,600,0.623529404,0.529999971,,,,,
261,300,0.714285714,0.600000024,,,,,
261,600,0.567567556,0.629999995,,,,,
262,300,0.660714291,0.74000001,,,,,
262,600,0.654320999,0.529999971,,,,,
263,300,0.641025632,0.75,,,,,
263,600,0.657407398,0.709999979,,,,,
264,300,0.689320387,0.709999979,,,,,
264,600,0.729166671,0.699999988,,,,,
265,300,0.698275848,0.810000002,,,,,
265,600,0.784090911,0.689999998,,,,,
266,300,0.649484552,0.629999995,,,,,
266,600,0.63551403,0.680000007,,,,,
267,300,0.797619036,0.670000017,,,,,
267,600,0.567901222,0.460000008,,,,,
268,300,0.781609199,0.680000007,,,,,
268,600,0.663265309,0.649999976,,,,,
269,300,0.747663568,0.800000012,,,,,
269,600,0.714285714,0.649999976,,,,,
270,300,0.626262625,0.620000005,,,,,
270,600,0.623655891,0.579999983,,,,,
271,300,0.632183918,0.550000012,,,,,
271,600,0.689655196,0.600000024,,,,,
272,300,0.659090894,0.579999983,,,,,
272,600,0.71287128,0.720000029,,,,,
273,300,0.55913976,0.519999981,,,,,
273,600,0.628099177,0.75999999,,,,,
274,300,0.653846147,0.680000007,,,,,
274,600,0.656565666,0.649999976,,,,,
275,300,0.593750006,0.569999993,,,,,
275,600,0.74747475,0.74000001,,,,,
276,300,0.61702126,0.579999983,,,,,
276,600,0.717171732,0.709999979,,,,,
277,300,0.560000002,0.560000002,,,,,
277,600,0.714285714,0.600000024,,,,,
278,300,0.720000029,0.720000029,,,,,
278,600,0.64044944,0.569999993,,,,,
279,300,0.722222207,0.779999971,,,,,
279,600,0.694117645,0.589999974,,,,,
280,300,0.657534242,0.479999989,,,,,
280,600,0.692307712,0.629999995,,,,,
281,300,0.810126603,0.639999986,,,,,
281,600,0.711864416,0.839999974,,,,,
282,300,0.688888912,0.620000005,,,,,
282,600,0.789473694,0.75,,,,,
283,300,0.788888886,0.709999979,,,,,
283,600,0.589999974,0.589999974,,,,,
284,300,0.621951213,0.50999999,,,,,
284,600,0.66949154,0.790000021,,,,,
285,300,0.65625001,0.629999995,,,,,
285,600,0.71578949,0.680000007,,,,,
286,300,0.517241388,0.600000024,,,,,
286,600,0.626168244,0.670000017,,,,,
287,300,0.753424654,0.550000012,,,,,
287,600,0.687500005,0.550000012,,,,,
288,300,0.642857166,0.720000029,,,,,
288,600,0.760416656,0.730000019,,,,,
289,300,0.606382973,0.569999993,,,,,
289,600,0.633663358,0.639999986,,,,,
290,300,0.663043482,0.610000014,,,,,
290,600,0.777777785,0.699999988,,,,,
291,300,0.596330268,0.649999976,,,,,
291,600,0.711111114,0.639999986,,,,,
292,300,0.752688153,0.699999988,,,,,
292,600,0.699999988,0.699999988,,,,,
293,300,0.647619047,0.680000007,,,,,
293,600,0.74666667,0.560000002,,,,,
294,300,0.629999995,0.629999995,,,,,
294,600,0.670000017,0.670000017,,,,,
295,300,0.681318667,0.620000005,,,,,
295,600,0.708333357,0.680000007,,,,,
296,300,0.755319128,0.709999979,,,,,
296,600,0.659090894,0.579999983,,,,,
297,300,0.752688153,0.699999988,,,,,
297,600,0.606060624,0.600000024,,,,,
298,300,0.75675675,0.560000002,,,,,
298,600,0.61458332,0.589999974,,,,,
299,300,0.715909089,0.629999995,,,,,
299,600,0.644859815,0.689999998,,,,,
300,300,0.700000013,0.629999995,,,,,
300,600,0.593750006,0.569999993,,,,,
301,300,0.6025641,0.469999999,,,,,
301,600,0.636363632,0.769999981,,,,,
302,300,0.722222207,0.779999971,,,,,
302,600,0.669811299,0.709999979,,,,,
303,300,0.642857125,0.629999995,,,,,
303,600,0.701149438,0.610000014,,,,,
304,300,0.720000029,0.720000029,,,,,
304,600,0.714285706,0.75,,,,,
305,300,0.779220769,0.600000024,,,,,
305,600,0.616438374,0.449999988,,,,,
306,300,0.736842102,0.699999988,,,,,
306,600,0.788888886,0.709999979,,,,,
307,300,0.601626015,0.74000001,,,,,
307,600,0.623762377,0.629999995,,,,,
308,300,0.629629646,0.680000007,,,,,
308,600,0.721518959,0.569999993,,,,,
309,300,0.701923081,0.730000019,,,,,
309,600,0.779069774,0.670000017,,,,,
310,300,0.70930233,0.610000014,,,,,
310,600,0.70930233,0.610000014,,,,,
311,300,0.499999986,0.519999981,,,,,
311,600,0.626373641,0.569999993,,,,,
312,300,0.607476617,0.649999976,,,,,
312,600,0.579999983,0.579999983,,,,,
313,300,0.623655891,0.579999983,,,,,
313,600,0.689189167,0.50999999,,,,,
314,300,0.686274511,0.699999988,,,,,
314,600,0.68421051,0.519999981,,,,,
315,300,0.707070688,0.699999988,,,,,
315,600,0.776119424,0.519999981,,,,,
316,300,0.637362642,0.579999983,,,,,
316,600,0.65625001,0.629999995,,,,,
317,300,0.64044944,0.569999993,,,,,
317,600,0.723404265,0.680000007,,,,,
318,300,0.54901962,0.560000002,,,,,
318,600,0.663461522,0.689999998,,,,,
319,300,0.768421034,0.730000019,,,,,
319,600,0.674157296,0.600000024,,,,,
320,300,0.737864089,0.75999999,,,,,
320,600,0.689655196,0.600000024,,,,,
321,300,0.6,0.720000029,,,,,
321,600,0.674157296,0.600000024,,,,,
322,300,0.693877545,0.680000007,,,,,
322,600,0.632352945,0.430000007,,,,,
323,300,0.612612611,0.680000007,,,,,
323,600,0.691588799,0.74000001,,,,,
324,300,0.64044944,0.569999993,,,,,
324,600,0.663366359,0.670000017,,,,,
325,300,0.61224491,0.600000024,,,,,
325,600,0.705882353,0.720000029,,,,,
326,300,0.658536617,0.540000021,,,,,
326,600,0.718750014,0.689999998,,,,,
327,300,0.718750014,0.689999998,,,,,
327,600,0.589999974,0.589999974,,,,,
328,300,0.764705886,0.649999976,,,,,
328,600,0.709999979,0.709999979,,,,,
329,300,0.663157898,0.629999995,,,,,
329,600,0.649350665,0.5,,,,,
330,300,0.625,0.600000024,,,,,
330,600,0.736263733,0.670000017,,,,,
331,300,0.598130832,0.639999986,,,,,
331,600,0.533980578,0.550000012,,,,,
332,300,0.632911375,0.5,,,,,
332,600,0.707865175,0.629999995,,,,,
333,300,0.711111114,0.639999986,,,,,
333,600,0.683673473,0.670000017,,,,,
334,300,0.62025316,0.49000001,,,,,
334,600,0.722222215,0.649999976,,,,,
335,300,0.68085105,0.639999986,,,,,
335,600,0.627659548,0.589999974,,,,,
336,300,0.694117645,0.589999974,,,,,
336,600,0.644859815,0.689999998,,,,,
337,300,0.710843356,0.589999974,,,,,
337,600,0.710843356,0.589999974,,,,,
338,300,0.701298692,0.540000021,,,,,
338,600,0.649999983,0.779999971,,,,,
339,300,0.642857125,0.629999995,,,,,
339,600,0.772727285,0.680000007,,,,,
340,300,0.757142829,0.529999971,,,,,
340,600,0.659793821,0.639999986,,,,,
341,300,0.708333357,0.680000007,,,,,
341,600,0.68749998,0.769999981,,,,,
342,300,0.672268919,0.800000012,,,,,
342,600,0.708860743,0.560000002,,,,,
343,300,0.620000005,0.620000005,,,,,
343,600,0.666666691,0.540000021,,,,,
344,300,0.779069774,0.670000017,,,,,
344,600,0.731481472,0.790000021,,,,,
345,300,0.60176992,0.680000007,,,,,
345,600,0.620370361,0.670000017,,,,,
346,300,0.582608692,0.670000017,,,,,
346,600,0.717171732,0.709999979,,,,,
347,300,0.74468084,0.699999988,,,,,
347,600,0.614678896,0.670000017,,,,,
348,300,0.694736835,0.660000026,,,,,
348,600,0.639999986,0.639999986,,,,,
349,300,0.731707299,0.600000024,,,,,
349,600,0.68085105,0.639999986,,,,,
350,300,0.676470599,0.689999998,,,,,
350,600,0.730769248,0.569999993,,,,,
351,300,0.743589749,0.579999983,,,,,
351,600,0.717647056,0.610000014,,,,,
352,300,0.696202528,0.550000012,,,,,
352,600,0.736263733,0.670000017,,,,,
353,300,0.722222215,0.649999976,,,,,
353,600,0.636363625,0.629999995,,,,,
354,300,0.711340226,0.689999998,,,,,
354,600,0.677419345,0.629999995,,,,,
355,300,0.645833353,0.620000005,,,,,
355,600,0.692307712,0.629999995,,,,,
356,300,0.776315765,0.589999974,,,,,
356,600,0.697916656,0.670000017,,,,,
357,300,0.720930226,0.620000005,,,,,
357,600,0.692307692,0.540000021,,,,,
358,300,0.60759493,0.479999989,,,,,
358,600,0.686868687,0.680000007,,,,,
359,300,0.607843153,0.620000005,,,,,
359,600,0.666666667,0.639999986,,,,,
360,300,0.67010309,0.649999976,,,,,
360,600,0.702970282,0.709999979,,,,,
361,300,0.606557371,0.74000001,,,,,
361,600,0.670329667,0.610000014,,,,,
362,300,0.761904769,0.639999986,,,,,
362,600,0.630952367,0.529999971,,,,,
363,300,0.606382973,0.569999993,,,,,
363,600,0.726027398,0.529999971,,,,,
364,300,0.682243013,0.730000019,,,,,
364,600,0.67326734,0.680000007,,,,,
365,300,0.691358026,0.560000002,,,,,
365,600,0.681818213,0.600000024,,,,,
366,300,0.677083324,0.649999976,,,,,
366,600,0.663265309,0.649999976,,,,,
367,300,0.68085105,0.639999986,,,,,
367,600,0.690265464,0.779999971,,,,,
368,300,0.67289719,0.720000029,,,,,
368,600,0.644444443,0.579999983,,,,,
369,300,0.700000013,0.629999995,,,,,
369,600,0.663157898,0.629999995,,,,,
370,300,0.660000026,0.660000026,,,,,
370,600,0.670731728,0.550000012,,,,,
371,300,0.698924745,0.649999976,,,,,
371,600,0.593750006,0.569999993,,,,,
372,300,0.71264368,0.620000005,,,,,
372,600,0.708333357,0.680000007,,,,,
373,300,0.673913036,0.620000005,,,,,
373,600,0.636363625,0.629999995,,,,,
374,300,0.648648666,0.720000029,,,,,
374,600,0.709677442,0.660000026,,,,,
375,300,0.769999981,0.769999981,,,,,
375,600,0.616161625,0.610000014,,,,,
376,300,0.690476192,0.579999983,,,,,
376,600,0.676767687,0.670000017,,,,,
377,300,0.699999988,0.699999988,,,,,
377,600,0.75324675,0.579999983,,,,,
378,300,0.688888912,0.620000005,,,,,
378,600,0.797297316,0.589999974,,,,,
379,300,0.677419345,0.629999995,,,,,
379,600,0.700000005,0.769999981,,,,,
380,300,0.702127689,0.660000026,,,,,
380,600,0.654867268,0.74000001,,,,,
381,300,0.636363665,0.49000001,,,,,
381,600,0.659090894,0.579999983,,,,,
382,300,0.71264368,0.620000005,,,,,
382,600,0.687500005,0.550000012,,,,,
383,300,0.639175244,0.620000005,,,,,
383,600,0.666666644,0.579999983,,,,,
384,300,0.719101119,0.639999986,,,,,
384,600,0.79069767,0.680000007,,,,,
385,300,0.746987973,0.620000005,,,,,
385,600,0.702970282,0.709999979,,,,,
386,300,0.663157898,0.629999995,,,,,
386,600,0.616161625,0.610000014,,,,,
387,300,0.758241734,0.689999998,,,,,
387,600,0.696078423,0.709999979,,,,,
388,300,0.633333342,0.569999993,,,,,
388,600,0.750000018,0.629999995,,,,,
389,300,0.756097573,0.620000005,,,,,
389,600,0.663366359,0.670000017,,,,,
390,300,0.592233006,0.610000014,,,,,
390,600,0.670212763,0.629999995,,,,,
391,300,0.634782606,0.730000019,,,,,
391,600,0.766233751,0.589999974,,,,,
392,300,0.636363625,0.629999995,,,,,
392,600,0.673913036,0.620000005,,,,,
393,300,0.58064518,0.540000021,,,,,
393,600,0.689999998,0.689999998,,,,,
394,300,0.650943393,0.689999998,,,,,
394,600,0.659793821,0.639999986,,,,,
395,300,0.700000013,0.629999995,,,,,
395,600,0.674698812,0.560000002,,,,,
396,300,0.699999988,0.699999988,,,,,
396,600,0.67010309,0.649999976,,,,,
397,300,0.724489804,0.709999979,,,,,
397,600,0.670588255,0.569999993,,,,,
398,300,0.636363665,0.49000001,,,,,
398,600,0.598039206,0.610000014,,,,,
399,300,0.695121949,0.569999993,,,,,
399,600,0.708737861,0.730000019,,,,,
400,300,0.659090894,0.579999983,,,,,
400,600,0.704918028,0.430000007,,,,,
401,300,0.652173927,0.600000024,,,,,
401,600,0.679487168,0.529999971,,,,,
402,300,0.763440831,0.709999979,,,,,
402,600,0.644444443,0.579999983,,,,,
403,300,0.638297899,0.600000024,,,,,
403,600,0.727272748,0.560000002,,,,,
404,300,0.705263184,0.670000017,,,,,
404,600,0.648351643,0.589999974,,,,,
405,300,0.692307712,0.629999995,,,,,
405,600,0.651685385,0.579999983,,,,,
406,300,0.727272715,0.639999986,,,,,
406,600,0.749999984,0.689999998,,,,,
407,300,0.690265464,0.779999971,,,,,
407,600,0.691489338,0.649999976,,,,,
408,300,0.736842102,0.699999988,,,,,
408,600,0.676767687,0.670000017,,,,,
409,300,0.744444433,0.670000017,,,,,
409,600,0.744186017,0.639999986,,,,,
410,300,0.747252734,0.680000007,,,,,
410,600,0.655555544,0.589999974,,,,,
411,300,0.701298692,0.540000021,,,,,
411,600,0.65346534,0.660000026,,,,,
412,300,0.732558122,0.629999995,,,,,
412,600,0.691358026,0.560000002,,,,,
413,300,0.634146324,0.519999981,,,,,
413,600,0.74468084,0.699999988,,,,,
414,300,0.716981121,0.75999999,,,,,
414,600,0.602040814,0.589999974,,,,,
415,300,0.647619047,0.680000007,,,,,
415,600,0.727272749,0.720000029,,,,,
416,300,0.756097573,0.620000005,,,,,
416,600,0.724137922,0.629999995,,,,,
417,300,0.71264368,0.620000005,,,,,
417,600,0.724489804,0.709999979,,,,,
418,300,0.750000018,0.629999995,,,,,
418,600,0.666666648,0.699999988,,,,,
419,300,0.774193573,0.720000029,,,,,
419,600,0.681318667,0.620000005,,,,,
420,300,0.740384624,0.769999981,,,,,
420,600,0.697916656,0.670000017,,,,,
421,300,0.784615399,0.50999999,,,,,
421,600,0.633663358,0.639999986,,,,,
422,300,0.71264368,0.620000005,,,,,
422,600,0.677419345,0.629999995,,,,,
423,300,0.659574475,0.620000005,,,,,
423,600,0.706521746,0.649999976,,,,,
424,300,0.691489338,0.649999976,,,,,
424,600,0.737864089,0.75999999,,,,,
425,300,0.69662923,0.620000005,,,,,
425,600,0.685393286,0.610000014,,,,,
426,300,0.663265309,0.649999976,,,,,
426,600,0.767441878,0.660000026,,,,,
427,300,0.704081617,0.689999998,,,,,
427,600,0.717948692,0.560000002,,,,,
428,300,0.693693705,0.769999981,,,,,
428,600,0.689655196,0.600000024,,,,,
429,300,0.708860743,0.560000002,,,,,
429,600,0.618556707,0.600000024,,,,,
430,300,0.738636341,0.649999976,,,,,
430,600,0.673684204,0.639999986,,,,,
431,300,0.655913989,0.610000014,,,,,
431,600,0.712328781,0.519999981,,,,,
432,300,0.656862735,0.670000017,,,,,
432,600,0.652631592,0.620000005,,,,,
433,300,0.726190464,0.610000014,,,,,
433,600,0.741573025,0.660000026,,,,,
434,300,0.752577317,0.730000019,,,,,
434,600,0.711340226,0.689999998,,,,,
435,300,0.720930226,0.620000005,,,,,
435,600,0.741176444,0.629999995,,,,,
436,300,0.738636341,0.649999976,,,,,
436,600,0.643564339,0.649999976,,,,,
437,300,0.723404265,0.680000007,,,,,
437,600,0.697368392,0.529999971,,,,,
438,300,0.666666667,0.74000001,,,,,
438,600,0.770114957,0.670000017,,,,,
439,300,0.655555544,0.589999974,,,,,
439,600,0.744444433,0.670000017,,,,,
440,300,0.666666667,0.639999986,,,,,
440,600,0.666666691,0.540000021,,,,,
441,300,0.786516853,0.699999988,,,,,
441,600,0.707865175,0.629999995,,,,,
442,300,0.725490219,0.74000001,,,,,
442,600,0.682539699,0.860000014,,,,,
443,300,0.768292684,0.629999995,,,,,
443,600,0.746835446,0.589999974,,,,,
444,300,0.773333311,0.579999983,,,,,
444,600,0.732558122,0.629999995,,,,,
445,300,0.683544312,0.540000021,,,,,
445,600,0.702970282,0.709999979,,,,,
446,300,0.730769248,0.569999993,,,,,
446,600,0.676190486,0.709999979,,,,,
447,300,0.745283037,0.790000021,,,,,
447,600,0.693181838,0.610000014,,,,,
448,300,0.726027398,0.529999971,,,,,
448,600,0.630434794,0.579999983,,,,,
449,300,0.679012358,0.550000012,,,,,
449,600,0.701149438,0.610000014,,,,,
450,300,0.734042553,0.689999998,,,,,
450,600,0.767441878,0.660000026,,,,,
451,300,0.653061237,0.639999986,,,,,
451,600,0.677777767,0.610000014,,,,,
452,300,0.738095214,0.620000005,,,,,
452,600,0.645569639,0.50999999,,,,,
453,300,0.75324675,0.579999983,,,,,
453,600,0.710843356,0.589999974,,,,,
454,300,0.778947388,0.74000001,,,,,
454,600,0.672413788,0.779999971,,,,,
455,300,0.714285732,0.699999988,,,,,
455,600,0.726190464,0.610000014,,,,,
456,300,0.755813966,0.649999976,,,,,
456,600,0.731707299,0.600000024,,,,,
457,300,0.752808969,0.670000017,,,,,
457,600,0.826666673,0.620000005,,,,,
458,300,0.659793821,0.639999986,,,,,
458,600,0.734042553,0.689999998,,,,,
459,300,0.68085105,0.639999986,,,,,
459,600,0.716981121,0.75999999,,,,,
460,300,0.69662923,0.620000005,,,,,
460,600,0.682692312,0.709999979,,,,,
461,300,0.75,0.720000029,,,,,
461,600,0.750000018,0.629999995,,,,,
462,300,0.784810111,0.620000005,,,,,
462,600,0.641509439,0.680000007,,,,,
463,300,0.728395027,0.589999974,,,,,
463,600,0.72815536,0.75,,,,,
464,300,0.717171732,0.709999979,,,,,
464,600,0.695652163,0.800000012,,,,,
465,300,0.694117645,0.589999974,,,,,
465,600,0.706521746,0.649999976,,,,,
466,300,0.764705886,0.649999976,,,,,
466,600,0.715909089,0.629999995,,,,,
467,300,0.734939738,0.610000014,,,,,
467,600,0.666666667,0.639999986,,,,,
468,300,0.690721646,0.670000017,,,,,
468,600,0.704347843,0.810000002,,,,,
469,300,0.792207769,0.610000014,,,,,
469,600,0.711111114,0.639999986,,,,,
470,300,0.702127689,0.660000026,,,,,
470,600,0.678571441,0.569999993,,,,,
471,300,0.744444433,0.670000017,,,,,
471,600,0.702127689,0.660000026,,,,,
472,300,0.75999999,0.75999999,,,,,
472,600,0.650485434,0.670000017,,,,,
473,300,0.723404265,0.680000007,,,,,
473,600,0.678160932,0.589999974,,,,,
474,300,0.724489804,0.709999979,,,,,
474,600,0.720930226,0.620000005,,,,,
475,300,0.707865175,0.629999995,,,,,
475,600,0.682926838,0.560000002,,,,,
476,300,0.731958764,0.709999979,,,,,
476,600,0.780487794,0.639999986,,,,,
477,300,0.74747475,0.74000001,,,,,
477,600,0.691358026,0.560000002,,,,,
478,300,0.731707299,0.600000024,,,,,
478,600,0.758241734,0.689999998,,,,,
479,300,0.707547168,0.75,,,,,
479,600,0.758241734,0.689999998,,,,,
480,300,0.719512169,0.589999974,,,,,
480,600,0.686046517,0.589999974,,,,,
481,300,0.70930233,0.610000014,,,,,
481,600,0.651685385,0.579999983,,,,,
482,300,0.773333311,0.579999983,,,,,
482,600,0.707964615,0.800000012,,,,,
483,300,0.709677442,0.660000026,,,,,
483,600,0.770270251,0.569999993,,,,,
484,300,0.722891558,0.600000024,,,,,
484,600,0.722222227,0.519999981,,,,,
485,300,0.700000013,0.629999995,,,,,
485,600,0.717647056,0.610000014,,,,,
486,300,0.714285714,0.649999976,,,,,
486,600,0.768292684,0.629999995,,,,,
487,300,0.758620716,0.660000026,,,,,
487,600,0.739130424,0.50999999,,,,,
488,300,0.717171732,0.709999979,,,,,
488,600,0.702127689,0.660000026,,,,,
489,300,0.690721646,0.670000017,,,,,
489,600,0.795454536,0.699999988,,,,,
490,300,0.715909089,0.629999995,,,,,
490,600,0.663636367,0.730000019,,,,,
491,300,0.71578949,0.680000007,,,,,
491,600,0.752577317,0.730000019,,,,,
492,300,0.717948692,0.560000002,,,,,
492,600,0.784090911,0.689999998,,,,,
493,300,0.780487794,0.639999986,,,,,
493,600,0.663461522,0.689999998,,,,,
494,300,0.784810111,0.620000005,,,,,
494,600,0.776470597,0.660000026,,,,,
495,300,0.729166671,0.699999988,,,,,
495,600,0.731182798,0.680000007,,,,,
496,300,0.72941175,0.620000005,,,,,
496,600,0.657894745,0.5,,,,,
497,300,0.679012358,0.550000012,,,,,
497,600,0.698795175,0.579999983,,,,,
498,300,0.732558122,0.629999995,,,,,
498,600,0.687500005,0.550000012,,,,,
499,300,0.653846147,0.680000007,,,,,
499,600,0.686274511,0.699999988,,,,,
500,300,0.717171732,0.709999979,,,,,
